year,type,category,limit,from,to,rate
2025,relief,Individual & Dependants,9000,,,
2025,relief,Parents Medical,8000,,,
2025,relief,Basic Supporting Equipment,6000,,,
2025,relief,Disabled Individual,7000,,,
2025,relief,Education Fees (Self),7000,,,
2025,relief,Medical Expenses,10000,,,
2025,relief,Learning Disability,6000,,,
2025,relief,Lifestyle,2500,,,
2025,relief,Additional Lifestyle,1000,,,
2025,relief,Breastfeeding Equipment,1000,,,
2025,relief,Childcare Fees,3000,,,
2025,relief,SSPN,8000,,,
2025,relief,Spouse / Alimony,4000,,,
2025,relief,Disabled Spouse,6000,,,
2025,relief,Child (Under 18),,,,
2025,relief,Child (18+ Studying),,,,
2025,relief,Child (Disabled),,,,
2025,relief,Life Insurance & EPF,3000,,,
2025,relief,EPF (Voluntary/Approved),4000,,,
2025,relief,Private Retirement Scheme,3000,,,
2025,relief,Education & Medical Insurance,4000,,,
2025,relief,SOCSO / EIS,350,,,
2025,relief,EV Charging / Green Tech,2500,,,
2025,relief,Housing Loan Interest,7000,,,
2025,relief,Donations,,,,
2025,relief,Zakat,,,,
2025,shared,Medical Expenses + Learning Disability,10000,,,
2025,bracket,,,0,5000,0
2025,bracket,,,5001,20000,1
2025,bracket,,,20001,35000,3
2025,bracket,,,35001,50000,6
2025,bracket,,,50001,70000,11
2025,bracket,,,70001,100000,19
2025,bracket,,,100001,400000,25
2025,bracket,,,400001,600000,26
2025,bracket,,,600001,2000000,28
2025,bracket,,,2000001,,30
2024,relief,Individual & Dependants,9000,,,
2024,relief,Parents Medical,8000,,,
2024,relief,Basic Supporting Equipment,6000,,,
2024,relief,Disabled Individual,6000,,,
2024,relief,Education Fees (Self),7000,,,
2024,relief,Medical Expenses,10000,,,
2024,relief,Learning Disability,4000,,,
2024,relief,Lifestyle,2500,,,
2024,relief,Additional Lifestyle,1000,,,
2024,relief,Breastfeeding Equipment,1000,,,
2024,relief,Childcare Fees,3000,,,
2024,relief,SSPN,8000,,,
2024,relief,Spouse / Alimony,4000,,,
2024,relief,Disabled Spouse,5000,,,
2024,relief,Child (Under 18),,,,
2024,relief,Child (18+ Studying),,,,
2024,relief,Child (Disabled),,,,
2024,relief,Life Insurance & EPF,3000,,,
2024,relief,EPF (Voluntary/Approved),4000,,,
2024,relief,Private Retirement Scheme,3000,,,
2024,relief,Education & Medical Insurance,3000,,,
2024,relief,SOCSO / EIS,350,,,
2024,relief,EV Charging / Green Tech,2500,,,
2024,relief,Housing Loan Interest,0,,,
2024,relief,Donations,,,,
2024,relief,Zakat,,,,
2024,shared,Medical Expenses + Learning Disability,10000,,,
2024,bracket,,,0,5000,0
2024,bracket,,,5001,20000,1
2024,bracket,,,20001,35000,3
2024,bracket,,,35001,50000,6
2024,bracket,,,50001,70000,11
2024,bracket,,,70001,100000,19
2024,bracket,,,100001,400000,25
2024,bracket,,,400001,600000,26
2024,bracket,,,600001,2000000,28
2024,bracket,,,2000001,,30
2023,relief,Individual & Dependants,9000,,,
2023,relief,Parents Medical,8000,,,
2023,relief,Basic Supporting Equipment,6000,,,
2023,relief,Disabled Individual,6000,,,
2023,relief,Education Fees (Self),7000,,,
2023,relief,Medical Expenses,10000,,,
2023,relief,Learning Disability,4000,,,
2023,relief,Lifestyle,2500,,,
2023,relief,Additional Lifestyle,500,,,
2023,relief,Breastfeeding Equipment,1000,,,
2023,relief,Childcare Fees,3000,,,
2023,relief,SSPN,8000,,,
2023,relief,Spouse / Alimony,4000,,,
2023,relief,Disabled Spouse,5000,,,
2023,relief,Child (Under 18),,,,
2023,relief,Child (18+ Studying),,,,
2023,relief,Child (Disabled),,,,
2023,relief,Life Insurance & EPF,3000,,,
2023,relief,EPF (Voluntary/Approved),4000,,,
2023,relief,Private Retirement Scheme,3000,,,
2023,relief,Education & Medical Insurance,3000,,,
2023,relief,SOCSO / EIS,350,,,
2023,relief,EV Charging / Green Tech,2500,,,
2023,relief,Housing Loan Interest,0,,,
2023,relief,Donations,,,,
2023,relief,Zakat,,,,
2023,shared,Medical Expenses + Learning Disability,10000,,,
2023,bracket,,,0,5000,0
2023,bracket,,,5001,20000,1
2023,bracket,,,20001,35000,3
2023,bracket,,,35001,50000,6
2023,bracket,,,50001,70000,11
2023,bracket,,,70001,100000,19
2023,bracket,,,100001,400000,25
2023,bracket,,,400001,600000,26
2023,bracket,,,600001,2000000,28
2023,bracket,,,2000001,,30
2022,relief,Individual & Dependants,9000,,,
2022,relief,Parents Medical,8000,,,
2022,relief,Basic Supporting Equipment,6000,,,
2022,relief,Disabled Individual,6000,,,
2022,relief,Education Fees (Self),7000,,,
2022,relief,Medical Expenses,8000,,,
2022,relief,Learning Disability,0,,,
2022,relief,Lifestyle,2500,,,
2022,relief,Additional Lifestyle,500,,,
2022,relief,Breastfeeding Equipment,1000,,,
2022,relief,Childcare Fees,3000,,,
2022,relief,SSPN,8000,,,
2022,relief,Spouse / Alimony,4000,,,
2022,relief,Disabled Spouse,5000,,,
2022,relief,Child (Under 18),,,,
2022,relief,Child (18+ Studying),,,,
2022,relief,Child (Disabled),,,,
2022,relief,Life Insurance & EPF,3000,,,
2022,relief,EPF (Voluntary/Approved),4000,,,
2022,relief,Private Retirement Scheme,3000,,,
2022,relief,Education & Medical Insurance,3000,,,
2022,relief,SOCSO / EIS,350,,,
2022,relief,EV Charging / Green Tech,2500,,,
2022,relief,Housing Loan Interest,0,,,
2022,relief,Donations,,,,
2022,relief,Zakat,,,,
2022,bracket,,,0,5000,0
2022,bracket,,,5001,20000,1
2022,bracket,,,20001,35000,3
2022,bracket,,,35001,50000,8
2022,bracket,,,50001,70000,13
2022,bracket,,,70001,100000,21
2022,bracket,,,100001,250000,24
2022,bracket,,,250001,400000,24.5
2022,bracket,,,400001,600000,25
2022,bracket,,,600001,1000000,26
2022,bracket,,,1000001,2000000,28
2022,bracket,,,2000001,,30
2021,relief,Individual & Dependants,9000,,,
2021,relief,Parents Medical,8000,,,
2021,relief,Basic Supporting Equipment,6000,,,
2021,relief,Disabled Individual,6000,,,
2021,relief,Education Fees (Self),7000,,,
2021,relief,Medical Expenses,8000,,,
2021,relief,Learning Disability,0,,,
2021,relief,Lifestyle,2500,,,
2021,relief,Additional Lifestyle,500,,,
2021,relief,Breastfeeding Equipment,1000,,,
2021,relief,Childcare Fees,3000,,,
2021,relief,SSPN,8000,,,
2021,relief,Spouse / Alimony,4000,,,
2021,relief,Disabled Spouse,5000,,,
2021,relief,Child (Under 18),,,,
2021,relief,Child (18+ Studying),,,,
2021,relief,Child (Disabled),,,,
2021,relief,Life Insurance & EPF,3000,,,
2021,relief,EPF (Voluntary/Approved),4000,,,
2021,relief,Private Retirement Scheme,3000,,,
2021,relief,Education & Medical Insurance,3000,,,
2021,relief,SOCSO / EIS,250,,,
2021,relief,EV Charging / Green Tech,0,,,
2021,relief,Housing Loan Interest,0,,,
2021,relief,Donations,,,,
2021,relief,Zakat,,,,
2021,bracket,,,0,5000,0
2021,bracket,,,5001,20000,1
2021,bracket,,,20001,35000,3
2021,bracket,,,35001,50000,8
2021,bracket,,,50001,70000,13
2021,bracket,,,70001,100000,21
2021,bracket,,,100001,250000,24
2021,bracket,,,250001,400000,24.5
2021,bracket,,,400001,600000,25
2021,bracket,,,600001,1000000,26
2021,bracket,,,1000001,2000000,28
2021,bracket,,,2000001,,30
